{
  "distances": [
    3,
    5,
    7
  ],
  "loss_rates": [
    0.0,
    0.01,
    0.02,
    0.03
  ],
  "data": {
    "5": {
      "0.03": {
        "std_error": 0.00525433154644813,
        "logical_error_rate": 0.014
      },
      "0.01": {
        "std_error": 0.004869496893930624,
        "logical_error_rate": 0.012
      },
      "0.0": {
        "std_error": 0.003983967871356395,
        "logical_error_rate": 0.008
      },
      "0.02": {
        "std_error": 0.003983967871356395,
        "logical_error_rate": 0.008
      }
    },
    "7": {
      "0.03": {
        "std_error": 0.0,
        "logical_error_rate": 0.0
      },
      "0.01": {
        "std_error": 0.0044497190922573975,
        "logical_error_rate": 0.01
      },
      "0.0": {
        "std_error": 0.002822764602300376,
        "logical_error_rate": 0.004
      },
      "0.02": {
        "std_error": 0.0019979989989987483,
        "logical_error_rate": 0.002
      }
    },
    "3": {
      "0.03": {
        "std_error": 0.007116740827092132,
        "logical_error_rate": 0.026
      },
      "0.01": {
        "std_error": 0.007870959280799261,
        "logical_error_rate": 0.032
      },
      "0.0": {
        "std_error": 0.007377804551490911,
        "logical_error_rate": 0.028
      },
      "0.02": {
        "std_error": 0.00684455988358638,
        "logical_error_rate": 0.024
      }
    }
  },
  "n_trials": 500,
  "p_error": 0.05
}