{
  "distances": [
    3,
    5,
    7,
    9
  ],
  "error_rates": [
    0.01,
    0.02,
    0.03,
    0.04,
    0.05,
    0.06,
    0.07,
    0.08,
    0.09,
    0.1,
    0.12,
    0.15
  ],
  "data": {
    "5": {
      "0.12": {
        "std_error": 0.010276186062932104,
        "logical_error_rate": 0.12
      },
      "0.04": {
        "std_error": 0.0022304708023195463,
        "logical_error_rate": 0.005
      },
      "0.01": {
        "std_error": 0.0009994998749374609,
        "logical_error_rate": 0.001
      },
      "0.08": {
        "std_error": 0.006692607862410586,
        "logical_error_rate": 0.047
      },
      "0.1": {
        "std_error": 0.008529888627643388,
        "logical_error_rate": 0.079
      },
      "0.09": {
        "std_error": 0.00695693898205238,
        "logical_error_rate": 0.051
      },
      "0.06": {
        "std_error": 0.004534203347888138,
        "logical_error_rate": 0.021
      },
      "0.03": {
        "std_error": 0.0,
        "logical_error_rate": 0.0
      },
      "0.05": {
        "std_error": 0.003298332912245215,
        "logical_error_rate": 0.011
      },
      "0.07": {
        "std_error": 0.0046385342512479085,
        "logical_error_rate": 0.022
      },
      "0.15": {
        "std_error": 0.01274299807737567,
        "logical_error_rate": 0.204
      },
      "0.02": {
        "std_error": 0.0009994998749374609,
        "logical_error_rate": 0.001
      }
    },
    "7": {
      "0.12": {
        "std_error": 0.009228434320078352,
        "logical_error_rate": 0.094
      },
      "0.04": {
        "std_error": 0.0009994998749374609,
        "logical_error_rate": 0.001
      },
      "0.01": {
        "std_error": 0.0,
        "logical_error_rate": 0.0
      },
      "0.08": {
        "std_error": 0.0049371044145328745,
        "logical_error_rate": 0.025
      },
      "0.1": {
        "std_error": 0.006270486424512854,
        "logical_error_rate": 0.041
      },
      "0.09": {
        "std_error": 0.005969170796685248,
        "logical_error_rate": 0.037
      },
      "0.06": {
        "std_error": 0.0028170906978654416,
        "logical_error_rate": 0.008
      },
      "0.03": {
        "std_error": 0.0,
        "logical_error_rate": 0.0
      },
      "0.05": {
        "std_error": 0.001995995991979944,
        "logical_error_rate": 0.004
      },
      "0.07": {
        "std_error": 0.003715373467095872,
        "logical_error_rate": 0.014
      },
      "0.15": {
        "std_error": 0.012015614840697915,
        "logical_error_rate": 0.175
      },
      "0.02": {
        "std_error": 0.0,
        "logical_error_rate": 0.0
      }
    },
    "9": {
      "0.12": {
        "std_error": 0.007960904471226871,
        "logical_error_rate": 0.068
      },
      "0.04": {
        "std_error": 0.0,
        "logical_error_rate": 0.0
      },
      "0.01": {
        "std_error": 0.0,
        "logical_error_rate": 0.0
      },
      "0.08": {
        "std_error": 0.0028170906978654416,
        "logical_error_rate": 0.008
      },
      "0.1": {
        "std_error": 0.0065555320150236475,
        "logical_error_rate": 0.045
      },
      "0.09": {
        "std_error": 0.004204283529925164,
        "logical_error_rate": 0.018
      },
      "0.06": {
        "std_error": 0.001995995991979944,
        "logical_error_rate": 0.004
      },
      "0.03": {
        "std_error": 0.0,
        "logical_error_rate": 0.0
      },
      "0.05": {
        "std_error": 0.0014127986409959489,
        "logical_error_rate": 0.002
      },
      "0.07": {
        "std_error": 0.0026364749192814255,
        "logical_error_rate": 0.007
      },
      "0.15": {
        "std_error": 0.01212266472356635,
        "logical_error_rate": 0.179
      },
      "0.02": {
        "std_error": 0.0,
        "logical_error_rate": 0.0
      }
    },
    "3": {
      "0.12": {
        "std_error": 0.011070275515993266,
        "logical_error_rate": 0.143
      },
      "0.04": {
        "std_error": 0.004204283529925164,
        "logical_error_rate": 0.018
      },
      "0.01": {
        "std_error": 0.0014127986409959489,
        "logical_error_rate": 0.002
      },
      "0.08": {
        "std_error": 0.008579044235810887,
        "logical_error_rate": 0.08
      },
      "0.1": {
        "std_error": 0.00985489725973843,
        "logical_error_rate": 0.109
      },
      "0.09": {
        "std_error": 0.009315793041926168,
        "logical_error_rate": 0.096
      },
      "0.06": {
        "std_error": 0.007021111023192838,
        "logical_error_rate": 0.052
      },
      "0.03": {
        "std_error": 0.0026364749192814255,
        "logical_error_rate": 0.007
      },
      "0.05": {
        "std_error": 0.0061967733539318665,
        "logical_error_rate": 0.04
      },
      "0.07": {
        "std_error": 0.007270763371201128,
        "logical_error_rate": 0.056
      },
      "0.15": {
        "std_error": 0.013120937466507492,
        "logical_error_rate": 0.221
      },
      "0.02": {
        "std_error": 0.002986469487538756,
        "logical_error_rate": 0.009
      }
    }
  },
  "n_trials": 1000,
  "decoder": "IP"
}