{
  "distances": [
    3,
    5,
    7,
    9,
    11,
    13,
    15
  ],
  "data": {
    "IP": {
      "5": {
        "avg_time_ms": 5.323919296264648,
        "logical_error_rate": 0.008,
        "n_qubits": 25
      },
      "15": {
        "avg_time_ms": 50.098143577575684,
        "logical_error_rate": 0.0,
        "n_qubits": 225
      },
      "7": {
        "avg_time_ms": 8.336143970489502,
        "logical_error_rate": 0.004,
        "n_qubits": 49
      },
      "9": {
        "avg_time_ms": 13.139719009399414,
        "logical_error_rate": 0.0,
        "n_qubits": 81
      },
      "11": {
        "avg_time_ms": 22.15390110015869,
        "logical_error_rate": 0.002,
        "n_qubits": 121
      },
      "13": {
        "avg_time_ms": 32.87968921661377,
        "logical_error_rate": 0.002,
        "n_qubits": 169
      },
      "3": {
        "avg_time_ms": 3.2651844024658203,
        "logical_error_rate": 0.032,
        "n_qubits": 9
      }
    }
  },
  "n_trials": 500,
  "p": 0.05
}