{
  "distances": [
    3,
    5,
    7,
    9,
    11
  ],
  "data": {
    "IP": {
      "5": {
        "min_time_ms": 2.8820037841796875,
        "mean_time_ms": 5.379103422164917,
        "std_time_ms": 8.960378514593573,
        "max_time_ms": 117.60711669921875
      },
      "7": {
        "min_time_ms": 3.3578872680664062,
        "mean_time_ms": 8.400222063064575,
        "std_time_ms": 3.851453739924585,
        "max_time_ms": 31.896114349365234
      },
      "9": {
        "min_time_ms": 4.341840744018555,
        "mean_time_ms": 13.11542272567749,
        "std_time_ms": 3.0158050968842844,
        "max_time_ms": 30.14516830444336
      },
      "11": {
        "min_time_ms": 5.184173583984375,
        "mean_time_ms": 20.283050537109375,
        "std_time_ms": 5.923026395514447,
        "max_time_ms": 63.925981521606445
      },
      "3": {
        "min_time_ms": 2.5930404663085938,
        "mean_time_ms": 3.3675122261047363,
        "std_time_ms": 2.4287282056318853,
        "max_time_ms": 28.314828872680664
      }
    },
    "BPOSD": {
      "5": {
        "min_time_ms": 0.0059604644775390625,
        "mean_time_ms": 0.12109160423278809,
        "std_time_ms": 0.16395575650760327,
        "max_time_ms": 0.5719661712646484
      },
      "7": {
        "min_time_ms": 0.011920928955078125,
        "mean_time_ms": 0.5032753944396973,
        "std_time_ms": 0.4467076702082393,
        "max_time_ms": 1.9369125366210938
      },
      "9": {
        "min_time_ms": 0.02193450927734375,
        "mean_time_ms": 1.1677992343902588,
        "std_time_ms": 0.8909532114815427,
        "max_time_ms": 4.857063293457031
      },
      "11": {
        "min_time_ms": 0.03600120544433594,
        "mean_time_ms": 2.399536371231079,
        "std_time_ms": 1.540095682384989,
        "max_time_ms": 5.77092170715332
      },
      "3": {
        "min_time_ms": 0.00095367431640625,
        "mean_time_ms": 0.03268837928771973,
        "std_time_ms": 0.046983211204736273,
        "max_time_ms": 0.19216537475585938
      }
    },
    "BP": {
      "5": {
        "min_time_ms": 0.0050067901611328125,
        "mean_time_ms": 0.11222362518310547,
        "std_time_ms": 0.14958997940761198,
        "max_time_ms": 0.5719661712646484
      },
      "7": {
        "min_time_ms": 0.011920928955078125,
        "mean_time_ms": 0.41980981826782227,
        "std_time_ms": 0.3615152903118008,
        "max_time_ms": 1.1701583862304688
      },
      "9": {
        "min_time_ms": 0.02193450927734375,
        "mean_time_ms": 1.034379005432129,
        "std_time_ms": 0.6773221577526163,
        "max_time_ms": 2.061128616333008
      },
      "11": {
        "min_time_ms": 0.034809112548828125,
        "mean_time_ms": 1.7668557167053223,
        "std_time_ms": 1.0755113328342218,
        "max_time_ms": 4.554986953735352
      },
      "3": {
        "min_time_ms": 0.00095367431640625,
        "mean_time_ms": 0.021448135375976562,
        "std_time_ms": 0.037790803359741276,
        "max_time_ms": 0.1800060272216797
      }
    }
  },
  "n_trials": 200,
  "p": 0.05
}